{
	"uvSize": [1246.667, 630],
	"uvSymbolOffset": [0, -210],
	"uvSymbolSize": [77.91666, 105],
	"symbolSize": [0.7420634, 1],
	"letterWidths": [
		0.0       , 93.875   , 0.0     , 0.0     , 0.0     , 0.0     , 0.0     , 0.0     ,
		0.0       , 0.0416667, 0.0     , 0.0     , 0.0     , 0.0     , 0.0     , 0.0     ,
		0.0       , 0.0      , 0.0     , 0.0     , 0.0     , 0.0     , 0.0     , 0.0     ,
		0.0       , 0.0      , 0.0     , 0.0     , 0.0     , 0.0     , 0.0     , 0.0     ,
		42.0      , 27.79166 , 34.20833, 42.5    , 43.25   , 61.0    , 58.20833, 18.83333,
		25.875    , 25.875   , 42.5    , 42.5    , 21.29166, 26.125  , 21.54166, 36.75   ,
		43.25     , 43.25    , 43.25   , 43.25   , 43.25   , 43.25   , 43.25   , 43.25   ,
		43.25     , 43.25    , 22.83333, 22.83333, 42.5    , 42.5    , 42.5    , 39.54166,
		74.55     , 49.375   , 46.41666, 45.5    , 52.5    , 41.66666, 39.20833, 53.83333,
		53.16666  , 21.5     , 27.20833, 44.33333, 35.875  , 72.95833, 55.08333, 56.49999,
		44.08333  , 59.85    , 46.33333, 39.20833, 43.05   , 54.75   , 48.41666, 75.91666,
		44.29166  , 41.58333 , 39.95833, 26.16666, 36.75   , 26.16666, 42.5    , 46.2    ,
		24.83333  , 40.875   , 44.83333, 36.08333, 44.83333, 42.45833, 27.3    , 40.16666,
		44.83333  , 19.58333 , 21.0    , 38.79166, 19.58333, 68.16666, 44.83333, 45.0    ,
		44.83333  , 44.83333 , 29.75   , 33.375  , 28.58333, 44.83333, 38.54166, 61.0    ,
		36.95833  , 38.625   , 33.70833, 26.83333, 39.29166, 26.83333, 42.5    , 0.0     ,
		0.0       , 0.0      , 46.91666, 46.91666, 0.0     , 0.0     , 46.91666, 46.91666,
		34.20833  , 73.41666 , 45.375  , 46.91666, 93.66666, 0.0     , 0.0     , 0.0     ,
		0.0       , 18.79167 , 18.79167, 39.41666, 39.41666, 0.0     , 49.875  , 93.33333,
		31.70833  , 87.375   , 34.20833, 23.45833, 52.16666, 0.0     , 0.0     , 65.625  ,
		-0.0000014, 27.79166 , 42.5    , 43.25   , 42.5    , 43.25   , 42.5    , 42.5    ,
		33.5      , 71.20833 , 34.33333, 43.70833, 42.5    , 0.0     , 43.25   , 33.625  ,
		28.91666  , 42.5     , 28.66666, 28.54166, 24.91666, 46.91666, 50.0    , 21.54166,
		26.20833  , 21.0     , 36.04166, 43.70833, 54.29166, 57.29166, 57.62499, 39.54166,
		49.375    , 49.375   , 49.375  , 49.375  , 49.375  , 49.375  , 65.12499, 45.5    ,
		41.66666  , 41.66666 , 41.66666, 41.66666, 21.5    , 21.5    , 21.5    , 21.5    ,
		53.29166  , 55.08333 , 56.49999, 56.49999, 56.49999, 56.49999, 56.49999, 42.5    ,
		56.62499  , 54.75    , 54.75   , 54.75   , 54.75   , 41.58333, 44.08333, 45.0    ,
		40.875    , 40.875   , 40.875  , 40.875  , 40.875  , 40.875  , 65.95833, 36.08333,
		42.45833  , 42.45833 , 42.45833, 42.45833, 19.58333, 19.58333, 19.58333, 19.58333,
		44.83333  , 44.83333 , 45.0    , 45.0    , 45.0    , 45.0    , 45.0    , 42.5    ,
		45.16666  , 44.83333 , 44.83333, 44.83333, 44.83333, 38.625  , 44.83333, 38.625  
	]
}